ID,UF_PHONE_INNER,NAME,LAST_NAME,EMAIL,WORK_POSITION
1,2080,Олег,Самсонов,,Директор по информационным технологиям
7,2075,Елена,Кузнецова,rekl-ruk@ng-servis.ru,Директор по маркетингу
25,2088,Дмитрий,Лукин,it4@ng-servis.ru,Старший системный администратор
29,2086,Виталий,Мысливко,it5@ng-servis.ru,Программист 1С
31,2089,Сергей,Левштанов,it7@ng-servis.ru,Старший программист
35,5351,Никита,Решетов,it9@ng-servis.ru,Системный администратор ЯНАО
37,2084,Владислав,Щербаков,it10@ng-servis.ru,Программист 1С
43,2081,Раис,отпуск с  5 ноября  на 14 дней Асатуллин,it1@ng-servis.ru,Ведущий системный администратор
49,2076,Олеся,Калошина,reklama@ng-servis.ru,дизайнер
53,2005,Виталий,Набиуллин,kdir@ng-servis.ru,Директор Дивизиона запасных частей
57,2012,Ольга,Молодцова,adm@ng-servis.ru,Личный помощник руководителя 
59,2011,Алина,Литвинова,office@ng-servis.ru,Секретарь
61,2014,Галия,Маврина,findir@ng-servis.ru,Директор по экономике и финансам
63,2020,Ольга,Фердерер,glavbuh@ng-servis.ru,Главный бухгалтер
65,2035,Ольга,Настаскова,reo-ruk@ng-servis.ru,Начальник ревизионно-экономического отдела
67,2041,Анастасия,Некрасова,kadry-ruk@ng-servis.ru, Руководитель отдела персонала
69,2040,Елена,Плотникова,kadry2@ng-servis.ru,Начальник отдела кадров
71,2030,Александр,Чуйко,uro-ruk@ng-servis.ru,Заместитель Генерального директора по правовым вопросам
73,718,Вадим,Гончаров,chel-reg@ng-servis.ru,Региональный менеджер
75,724,Дмитрий,Жиров,ar1-ruk@ng-servis.ru,"Директор магазина ОП ""Авторота"""
79,723,Константин,Щеткин,ar4-ruk@ng-servis.ru,Руководитель ОП Авторота №4
81,3002,Дмитрий,Потёмкин,zkd-reg@ng-servis.ru,Региональный менеджер ЯНАО
83,3010,Егор,Сандер,nur-ruk@ng-servis.ru,Руководитель ОП Новый Уренгой 
85,3310,Олег,Гатиятулин,nev-ruk@ng-servis.ru,Руководитель ОП Новый Уренгой 2 (Невада-ДСТ)
87,3410,Губкинский,Руководитель,gub-ruk@ng-servis.ru,Руководитель ОП Губкинский
91,,Наиль,Мавлютов,kor-ruk@ng-servis.ru,"Руководитель ОП Коротчаево-1,2"
93,4210,Александр,Кучин,ndm-ruk@ng-servis.ru,Руководитель ОП Надым
95,3610,Ильгиз,Нуринбеков,trs-ruk@ng-servis.ru,Руководитель ОП Тарко-Сале
97,4110,Сергей,Сарычев,nbr-ruk@ng-servis.ru,Руководитель ОП Ноябрьск
101,3180,Азат,Махмутов,sto-ruk@ng-servis.ru,"Начальник СЦ ""НГ-СЕРВИС КАМАЗ"""
103,3189,Вакантная должность,,sto-zam@ng-servis.ru,Главный инженер Полярник ЯНАО
107,2017,Екатерина,Драчева,zkd-snab@ng-servis.ru,Руководитель Службы Комплексного Снабжения
109,2090,Дмитрий,Лебедев,snabzam@ng-servis.ru,Руководитель отдела закупа
111,2091,Тимофей,отпуск 5-14.11.25 Андриянов,snab-zam@ng-servis.ru,Руководитель отдела заявок и логистики
115,2100,Сергей,Бородин,prorab@ng-servis.ru,Начальник отдела капитального строительства 
117,,Вакансия,Свободная,aho-ruk@ng-servis.ru,Начальник АХО в ЦО г. Челябинска
119,2130,Сергей,Свирь,sb-ruk@ng-servis.ru,Начальник Службы безопасности
121,2013,Павел,Михайлов,komdir@ng-servis.ru,Генеральный директор
123,3008,Константин,Мелентьев,it3@ng-servis.ru,Старший системный администратор по ЯНАО
127,2072,Марина,Бычкова,finkon1@ng-servis.ru,Экономист
129,2071,Татьяна,Свистунова,finkon2@ng-servis.ru,Бухгалтер по банковским операциям
133,2071,Эвелина,Галлямова,finkon3@ng-servis.ru,Бухгалтер по банковским операциям
135,2074,Анастасия,Егорова,finkon5@ng-servis.ru,Экономист-аналитик
137,2023,Анна,Баранова,buh1@ng-servis.ru,Заместитель главного бухгалтера
141,2024,Сильвия,Мазитова,buh4@ng-servis.ru,"Старший бухгалтер, ЦО "
143,2025,Евгения,Усманова,buh2@ng-servis.ru,Бухгалтер по реализации
145,2021,Мария,Григорьева,buh3@ng-servis.ru,Заместитель главного бухгалтера
149,2029,Алия,Рыспаева,buh12@ng-servis.ru,Бухгалтер 
151,2125,Татьяна,Дубровская,buh14@ng-servis.ru,Бухгалтер по учету услуг и прочих активов
153,2126,Нелли,Тухватуллина,buh15@ng-servis.ru,Бухгалтер по имуществу
157,2122,Светлана,Отпуск с 10 ноября Гудкова,buh10@ng-servis.ru,Старший бухгалтер по заработной плате
159,2123,Анна,Кривоносова,buh6@ng-servis.ru,Бухгалтер по заработной плате
161,2124,Татьяна,Кузьминых,buh7@ng-servis.ru,Бухгалтер по заработной плате
163,2026,Соня,Катаманова,buh8@ng-servis.ru,Архивариус
167,2036,Людмила,Аверьянова,reo2@ng-servis.ru,Ведущий специалист ревизионно-экономического отдела
169,2037,Анна,Василенко,reo3@ng-servis.ru,Ведущий специалист по работе с дебиторской задолженностью
171,2238,Ольга,Долгова,reo4@ng-servis.ru,Специалист ревизионно-экономического отдела
173,2239,Елена,Голощапова,shop2@ng-servis.ru,Специалист Ревизионно-экономического отдела
175,,Call,Оператор,callcenter@ng-servis.ru,Оператор колл-центра
177,2171,Ксения,Макеева,shop1@ng-servis.ru,Оператор подразделения интернет-продаж
179,2046,Анна,Савина,analyst@ng-servis.ru,Экономист-аналитик
181,2042,Александра,Барсукова,personal1@ng-servis.ru,Ведущий специалист по персоналу
183,2144,Елена,Плюснина,kadry3@ng-servis.ru,специалист по кадрам
185,2043,Илюза,Токмачёва,kadry1@ng-servis.ru,Специалист по кадрам
187,2032,Елена,Осинцева,uro2@ng-servis.ru,Юрисконсульт 
189,2031,Ольга,Клюшина,uro3@ng-servis.ru,Юрисконсульт
191,2139,Екатерина,Пашнина,uro1@ng-servis.ru,Юрисконсульт
193,2033,Алена,Кирсанова,uro6@ng-servis.ru,Ведущий юрисконсульт
201,711,Кирилл,Новоселов,ar16@ng-servis.ru,Специалист активных продаж
203,717,Дмитрий,Жаданов,ar25@ng-servis.ru,Специалист активных продаж Авторота №2
207,716,Александр,Финогенов,ar29@ng-servis.ru,Специалист активных продаж Авторота №2
221,3011,Айна,Уматалиева,nur-buh1@ng-servis.ru,Старший  бухгалтер
225,3011,Эльвина,Хуснуллина,nur-buh3@ng-servis.ru, Бухгалтер ОП Новый Уренгой
229,,Олег,Лыжин,nur1@ng-servis.ru,Старший менеджер ОП Н.Уренгой
231,5314,Рамазан,Ахметов,nur2@ng-servis.ru,Продавец-консультант 1 ОП Новый Уренгой
233,5311,Евгений,Киселев,nur3@ng-servis.ru,продавец-консультант 3 ОП Новый Уренгой 
235,,Дмитрий,Саломахин,nur4@ng-servis.ru,Продавец-консультант 5 ОП Новый Уренгой
237,,Александр,Король,nur5@ng-servis.ru,Продавец-консультант 4
239,,Анвар,Магомедов,nur7@ng-servis.ru,ОП Новый Уренгой Продавец-консультант 2
241,,Дмитрий,Кокшаров,nur-sklad@ng-servis.ru,Заведующий складом
243,,Сергей,Конаков,nur-aho@ng-servis.ru,Руководитель АХО Новый Уренгой
245,3311,Наталья,Какорина,nev-buh@ng-servis.ru,Бухгалтер НУ ОП-2 Новый Уренгой
247,3312,Виктор,Емельянов,nev1@ng-servis.ru,Старший менеджер ОП Новый Уренгой 2 (Невада-ДСТ)
249,3313,Александр,Чернов,nev2@ng-servis.ru,Продавец-консультант 2 ОП Новый Уренгой 2 (Невада-ДСТ)
251,,,Продавец ОП-2,nev3@ng-servis.ru,Продавец - консультант 3 ОП Новый Уренгой 2 (Невада-ДСТ)
253,3314,Ринат,Нухов,nev-sklad@ng-servis.ru,Зам.зав.складом   ОП Новый Уренгой 2    (Невада ДСТ)
255,5411,Наталья,Цуркан,gub-buh@ng-servis.ru,Бухгалтер ОП Губкинский
257,3412,Константин,Барков,gub1@ng-servis.ru,Менеджер ОП Губкинский
259,5412,Ярослав,Уваров,gub2@ng-servis.ru,ПРОДАВЕЦ ОП Губкинский
261,,,,gub3@ng-servis.ru,продавец - консультант
271,4011,Илья,Фёдоров,kor3@ng-servis.ru,продавец-консультант  ОП Коротчаево-1
273,4012,Алексей,Чернышев,kor4@ng-servis.ru, Заведующий складом Коротчаево-1
275,3711,Ирина,Карепова,kor-buh@ng-servis.ru,Бухгалтер ОП Коротчаево-2
277,3711,Антон,Мальцев,kor2@ng-servis.ru,ст менеджер Кор-2
279,3713,ОП Коротчаево-2,Антипин Илья Андреевич,kor21@ng-servis.ru,Продавец-консультант
281,,Павел,Усков,kor22@ng-servis.ru,Продавец-консультант кор-2
283,3717,Денис,Бутасов,kor2-sklad@ng-servis.ru,Заведующй складом Коротчаево-2
285,,Игорь,Московка,kor-aho@ng-servis.ru,Инженер КОЗиС
287,4211,Виктория,Рава,ndm-buh@ng-servis.ru,Бухгалтер ОП Надым
289,4212,Александр,Денисов,ndm1@ng-servis.ru,Старший менеджер ОП Надым
291,4212,Александр,Андрющенко,ndm2@ng-servis.ru,зав. склада. ОП  НАДЫМ
297,3612,Сергей,Путилов,trs-man1@ng-servis.ru,Менеджер по продажам
301,3615,Александр,Соболев,trs-sklad1@ng-servise.ru,Зав.склада ОП Тарко-Сале
303,,,кладовщик Тарко Сале,trs-sklad2@ng-servis.ru,кладовщик
305,4111,Татьяна,Кобелева,nbr-buh@ng-servis.ru,Бухгалтер Ноябрьск
307,4112,Сергей,Сарычев,nbr1@ng-servis.ru,Старший менеджер по продажам ОП Ноябрьск
309,4113,Евгений,Дударев,,Заведующий складом ОП Ноябрьск
313,728,Сергей,Андреев,auto-snab3@ng-servis.ru,Специалист по закупу и логистике
319,732,Светлана,Русяева,auto-tend4@ng-servis.ru,Специалист по аукционам и тендерам
321,2050,Ольга,Казак,auto-tend1@ng-servis.ru,Специалист по аукционам и тендерам
323,2059,Зоя,Егорова,auto-buh@ng-servis.ru,бухгалтер-экономист
329,703,Виталий,Шадрин,auto-sale5@ng-servis.ru,Руководитель отдела продаж
331,712,Денис,Килин,auto-snab2@ng-servis.ru,Директор Дивизиона автомобилей и ДСТ
335,731,Юлия,Карнавская,rdir@ng-servis.ru,Специалист по продажам
341,3145,Алексей,Пащенко,dc-uaz2@ng-servis.ru,Представитель по коммерческим и техническим вопросам
343,707,Максим,Поманский,dc-uaz9@ng-servis.ru,Менеджер отдела продаж автомобилей УАЗ
345,3114,Сергей,Попов,dc-zp@ng-servis.ru,Менеджер по корпоративным продажам АСС УАЗ
349,3143,Светлана,Корнилова,dc-buh@ng-servis.ru,Бухгалтер Дилерский центр
351,3146,Надежда,Топычканова,dc-buh2@ng-servis.ru,Бухгалтер
353,,Игорь,Сафонов,dc-uaz4@ng-servis.ru,Техник-кладовщик
355,,Рустам,Нурмухаметов,fit-ruk@ng-servis.ru,"Руководитель СТО ""Фитсервис"""
357,,Илья,Малахов,fit-master@ng-servis.ru,Мастер Цеха
361,,Александр,Тугай,fit1@ng-servis.ru,Мастер-приемщик
363,,Ксения,Морозова,fit2@ng-servis.ru,Мастер-приемщик
365,,Сергей,Морозов,fit3@ng-servis.ru,Менеджер по запчастям 
367,3181,Нина,Удачина,sto-buh@ng-servis.ru,Бухгалтер СЦ НГ-СЕРВИС КАМАЗ
369,3186,Виктория,Белова,sto-adm@ng-servis.ru,Администратор
371,3185,Дмитрий,Брыксин,garantia@ng-servis.ru,Инженер по гарантии (бренд КАМАЗ)
373,3191,Никита,Прогнимак,sto1@ng-servis.ru,СЦ КАМАЗ  Старший мастер-приемщик
377,3195,Дмитрий,Летягин,sto-in@ng-servis.ru,СЦ КАМАЗ стажер на должность Мастера-консультанта
379,,Евгений,Митин,sto-master@ng-servis.ru,Мастер цеха
385,3184,Алексей,Антонов,sto-sklad@ng-servis.ru,Менеджер по запчастям СЦ Полярник
387,3115,Иван,Ненашев,acc-ruk@ng-servis.ru,Начальник СЦ АСС УАЗ
389,3116,Кармен ,Мартиросян ,ass-adm@ng-servis.ru,Администратор АСС УАЗ
391,,Константин,Игнатенко,acc-master@ng-servis.ru,Мастер цеха
393,3112,Антон,Казимиров,acc1@ng-servis.ru,Мастер - приемщик
395,3111,Вячеслав,Кислов,acc2@ng-servis.ru,Мастер-приёмщик
397,3110,Марат,Бисалиев,garantia-ass@ng-servis.ru,Инженер по гарантии
399,3117,Денис,Выдрин,dc-manzp@ng-servis.ru,Менеджер по запчастям СЦ АСС УАЗ
401,2065,Ирина,Елизарова,snab4@ng-servis.ru,"Специалист по закупу (ЯМЗ, Урал, МАЗ)"
403,,вакансия,Свободная,snab8@ng-servis.ru,Специалист-аналитик (гр. КАМАЗ)
405,2063,Юлия,Чугункова,snab1@ng-servis.ru,Специалист по закупу
407,2097,Александр,Васильев,snab7@ng-servis.ru,Специалист по закупу (группа ЧТЗ)
409,2066,Ярослав,Мартин,snab2@ng-servis.ru,"Специалист по закупу (масла, автохимия, АКБ)"
411,2067,Ирина,Зарубежнова,snab5@ng-servis.ru,Специалист по закупу
413,2068,Татьяна,Жидкова,snab10@ng-servis.ru,Оператор - спец. по работе с заявками 
415,2093,Ольга,Лаврентьева,snab3@ng-servis.ru,Специалист по закупу
419,2062,Татьяна,Ефимова,snab11@ng-servis.ru,Специалист-аналитик
421,2060,Марина,Клементьева,snab6@ng-servis.ru,Специалист по закупу
423,2061,Яна,Курылева,snab9@ng-servis.ru,Специалист по закупу
425,2064,Татьяна,Чернецова,snab12@ng-servis.ru,Специалист по транспортной логистике
427,2096,Анастасия,Петухова,snab15@ng-servis.ru,Специалист по закупу
429,2094,Екатерина,Карабута,snab16@ng-servis.ru,Товаровед
431,2303,Иван,Буздалин,sklad1@ng-servis.ru,Заместитель заведующего складом
433,2102,Наталья,Леонова,sklad2@ng-servis.ru,Бухгалтер складского учета
435,2103,Татьяна,Лихачева,sklad3@ng-servis.ru,Оператор центрального склада
445,2131,Илья,Галкин отпуск 05-07.11,sb1@ng-servis.ru,Ведущий специалист службы безопасности
449,2108,Рустам,Рахманкулов,ohr@ng-servis.ru,специалист ОРиК СБ
453,2305,Алексей,Андреев,sklad6@ng-servis.ru,Кладовщик ЦС
455,3413,Николай ,Гринишин,gub-sklad@ng-servis.ru,Заведующий  складом Губкинский
457,,Александр,Макаров,nbr2@ng-servis.ru,Продавец-консультант ОП Ноябрьск 
459,2034,Вилия,Хызырова,uro4@ng-servis.ru,Ведущий юрисконсульт
461,713,Дмитрий,Сахно,auto-sale2@ng-servis.ru,Специалист по продажам
465,3614,Алексей,Шамигулов,trs-sale1@ng-servis.ru,Продавец-Консультант 
471,2116,Никита,Смирнов,shop-dir@ng-servis.ru,Руководитель отдела интернет продаж
483,,Дмитрий,Бутасов,kor1@ng-servis.ru,Старший менеждер Коротчаево-1
485,2114,Евгений,Яковлев,ar1@ng-servis.ru,Продавец-консультант
487,,Денис,Колесников,gub-sklad1@ng-servis.ru,Кладовщик ОП Губкинский
491,3611,Милана,Исаева,trs-buh@ng-servis.ru,Бухгалтер ОП Тарко-Сале
493,,Алексей,Катмаков,ndm4@ng-servis.ru,Продавец-консультант ОП Надым
497,719,Владимир,Долгих,ar27@ng-servis.ru,ВРИО Руководителя ОП Авторота №2
501,2311,Анна,Лучинецкая,fit-kassa2@ng-servis.ru,Бухгалтер кассир
503,2113,Михаил,Бондарчук,ar111@ng-servis.ru,продавец-консультант
505,3183,,Вакантная должность,garantia-ural@ng-servis.ru,"Инженер по гарантии СЦ ""Полярник"""
509,2113,Дмитрий,Речкалов,ar112@ng-servis.ru,Менеджер по продажам
511,,Денис,Кузнецов,nur-torgzal@ng-servis.ru,Кладовщик торгового зала ОП Новый Уренгой
513,4113,Денис,Дударев,nur-sklad1@ng-servis.ru,Помощник заведующего складом
527,2018,Охрана,Вакансия,ohrana-truda@ng-servis.ru,Специалист по охране труда
531,722,Александр,Сахаров,ar43@ng-servis.ru,Специалист активных продаж
543,2085,Елена,Дьяконова,it6@ng-servis.ru,Аналитик 1С
545,2423,Ирина,Печенкина,ar44@ng-servis.ru,Специалист ОАП Авторота № 4
549,2073,Оксана,Панарина,fintrud@ng-servis.ru,Экономист по труду
551,2430,Елена,Нестеренко,tsn-ruk@ng-servis.ru,Управляющая ТСН НГ-Сервис
553,2078,Валерия,Бычкова,imarketing@ng-servis.ru,Менеджер по маркетингу и рекламе
557,2098,Анна,Мальцева,snab17@ng-servis.ru,Специалист по заявкам
561,3192,Алексей,Минаев,sto2@ng-servis.ru,СЦ КАМАЗ Мастер Консультант 3
563,,Альбина,Волкова,personal2@ng-servis.ru,Менеджер по обучению персонала
567,705,Сергей,Демянчук,auto-sale1@ng-servis.ru,специалист по продажам
579,5004,Иван,Мудрик,revizor@ng-servis.ru,Ревизор
609,2022,Светлана,Белкова,buh16@ng-servis.ru,Заместитель главного бухгалтера
615,2082,Булат,Хамитов,it8@ng-servis.ru,Консультант-программист 1С
617,,Ольга,Черкасова,buh13@ng-servis.ru,Бухгалтер по имуществу
623,2083,Александр,Жулин,it12@ng-servis.ru,Системный администратор
633,,Б24,Переговорная,ng-user@ng-servis.ru,
681,,Евгений,Курмангалин,nbr6@ng-servis.ru,Кладовщик
779,,Сергей,Савинков,nev7@ng-servis.ru,Кладовщик ОП Новый Уренгой 2 (Невада-ДСТ)
781,,Дмитрий,Федотов,nev8@ng-servis.ru,Кладовщик ОП Новый Уренгой 2 (Невада-ДСТ)
799,,Игорь,Ильинцев,sto9@ng-servis.ru,Топливный цех
933,,Дмитрий,Слатвицкий,aho3@ng-servis.ru,Водитель-экспедитор
939,2100,Мавлютхужа,Губайдуллин,aho-zam@ng-servis.ru,Заместитель начальника административно-хозяйственного отдела
951,2136,Мария,Васильченко,reo7@ng-servis.ru,Аналитик-инструктор
959,2109,Алексей,Андреев,ohr-ruk@ng-servis.ru,СБ Руководитель отдела РиК.
969,,Радмир,Юсупов,ohr1@ng-servis.ru,Специалист ОРиК СБ
975,,Сергей,Герасименко,nur3-man@ng-servis.ru,Ст. менеджер по продажам ОП Н.Уренгой-3
977,2128,Наталья,Дмитриева,buh19@ng-servis.ru,Старший бухгалтер по ТМЦ
981,2155,Александр,Шебуренков,auto-snab6@ng-servis.ru,Специалист по закупу и логистике ам 
983,,Александр,Помазкин,nur3-sale@ng-servis.ru,Продавец-консультант ОП Н.Уренгой-3
985,3211,Гульнара,Немзорова,nur3-buh@ng-servis.ru,Бухгалтер ОП-3 Новый Уренгой
987,3212,Иван,Купцынов,nur3-sklad@ng-servis.ru,Заведующий склада
989,2077,Яна,Панова,marketing2@ng-servis.ru,Маркетолог по запасным частям
995,3210,Виталий,Кривуля,nur3-ruk@ng-servis.ru,Руководитель ОП Н.Уренгой-3
1013,714,Александр,Комлев,auto-sale3@ng-servis.ru,Специалист по продажам
1059,3712,Ринат,Кинзябаев,sck-master@ng-servis.ru,"Начальник СЦ ""К-Сервис"""
1061,3281,Ильнур,Гилязов,sck@ng-servis.ru,Мастер-приемщик
1081,,Павел,Гребенщиков,auto-sale6@ng-servis.ru,Специалист по продажам
1093,,Руководитель,Свободная вакансия,metod@ng-servis.ru,Руководитель отдела аналитики и методологии
1097,726,Артём,Плюхин,dc-uaz6@ng-servis.ru,Руководитель регионального отдела продаж
1131,5500,Василь, Абжалилов,sc-ruk@ng-servis.ru,Директор Дивизиона сервиса
1143,2047,Полина,Шмакова,personal3@ng-servis.ru,Специалист по персоналу
1149,,Алексей,Солошенко,dc-uaz3@ng-servis.ru,Продавец Консультант
1171,2070,Александра,Жеребцова,finkon7@ng-servis.ru,Начальник ПЭО
1189,721,Кирилл,Соколов,ar46@ng-servis.ru,Старший специалист ОАП Авторота № 4
1207,2137,Гульназ,Шакирова,reo6@ng-servis.ru,Ведущий специалист ревизионного отдела 
1221,2120,Яков,Михайлов,kom-dir@ng-servis.ru,Первый заместитель генерального директора
1235,2178,интернет,Вакансия,marketing3@ng-servis.ru,Интернет-маркетолог
1237,2144,Елена,Шарифуллина,okdelo@ng-servis.ru,Специалист по работе с должностными папками
1243,2114,Владислав,Галеев,ar13@ng-servis.ru,Старший кладовщик
1247,2114,Денис,Морозов,ar-sklad@ng-servis.ru,Кладовщик Интернет-магазина
1256,443,Василий,Блащинский,skladzam@ng-servis.ru,Заместитель заведующего складом
1258,729,Динар,Нуриев,dc-uaz7@ng-servis.ru,Продавец-консультант
1260,,Екатерина,Слугина,assist-komdir@ng-servis.ru,Личный помощник руководителя
1262,2411,Павел,Шатров,glavenergo@ng-servis.ru,Главный энергетик
1264,2138,Кристина,Статьева,reo8@ng-srv.ru,Специалист ревизионно-экономического отдела
1268,709,Дмитрий,Плотников,shop4@ng-servis.ru,Менеджер отдела интернет продаж
1270,2123,Ирина,Гильмитдинова,buh17@ng-servis.ru,Бухгалтер по зарплате
1276,,Елена Валерьевна,Михайлова,lenamihailova2014@yandex.ru,
1280,2092,Александра,Приданникова,snab18@ng-servis.ru,Специалист по закупу  
1296,710,Наталья,Кильдигулова,metod-1@ng-servis.ru,Руководитель отдела аналитики и методологии
1300,,Семён,Михайлов,it-dir@ng-servis.ru,Программист 1 разряда
1306,2087,Данил,Кузнецов,it@ng-servis.ru,Системный администратор
1322,2135,Ангелина,Тишкина,reo5@ng-servis.ru,Оператор Ревизионно-экономического отдела
1326,2105,Андрей,Захаров,spr-ruk@ng-servis.ru,Начальник производства
1330,2182,Дарья,Танцырева,it13@ng-servis.ru,Консультант-программист 1С 
1336,,Никита,Решетов,it16@ng-servis.ru,Специалист ТСО
1348,2027,Оксана,Притула,buh18@ng-servis.ru,Бухгалтер по учету банковских и кассовых операций
1434,2426,Антон,Ульдинов,ar2-sklad@ng-servis.ru,Старший кл. Авторота №4
1446,2214,Ирина ,Демиденко ,ar21@ng-servis.ru,Старший продавец-консультант Авторота № 2
1452,2214,Андрей,Тофан,ar23@ng-servis.ru,Старший кл. Авторота №2
1454,,Владимир,Жариков,marketing4@ng-servis.ru,Контент-менеджер
1456,,Лидия,Бружас,Ar24ng-servis74@mail.ru,
1460,,Дмитрий, Титов,it17@ng-servis.ru,Программист
1464,,Виктор,Радченко,,Продавец-Консультант Авторота №2
1468,,Анастасия,Садовская,marketing5@ng-servis.ru,Cпециалист по ценообразованию
1470,,Дмитрий,Гаврилов,sb3@ng-servis.ru,Специалист ОРиК СБ
1496,2421,Татьяна,Герасимова,ar42@ng-servis.ru,Старший продавец-консультант
1498,,Вадим,Марьин,ar45@ng-servis.ru,Старший кладовщик
1508,,Майя,Суханова,ar41@ng-servis.ru,Старший продавец-консультант
1530,,Дима,К.,riffin@mail.ru,
1570,,,,sharapov_9@mail.ru,
1596,,,,nur-skladb5@ng-servis.ru,
1598,,,,nur-skladb3@ng-servis.ru,
1600,,,,nur-skladb1@ng-servis.ru,
1602,,Денис,Рудаков,nur-skladb2@ng-servis.ru,
1604,,,,nur-skladb4@ng-servis.ru,
1606,,,,nur-skladb6@ng-servis.ru,
1608,,Вадим,Карпов,nur-skladb7@ng-servis.ru,Старший кладовщик
1610,,,Склад 8,nur-skladb8@ng-servis.ru,
1612,,,,nur-skladb9@ng-servis.ru,
2420,,Михаил ,Бондарчук,,
2578,,Анастасия,Суркова,marketing7@ng-servis.ru,Интернет-маркетолог
2624,,Арсен,Казарян,kam@it-solution.ru,Привлеченный сотрудник ООО ИТ-Солюшн
2630,,Станислав,Пак,pss@it-solution.ru,Привлеченный сотрудник ООО ИТ-Солюшн
